date_day,year,quarter,month,day,weekday,is_weekend,is_current,year_month
2025-01-01,2025,1,1,1,3,0,0,2025-01
2025-01-02,2025,1,1,2,4,0,0,2025-01
2025-01-03,2025,1,1,3,5,0,0,2025-01
2025-01-04,2025,1,1,4,6,1,0,2025-01
2025-01-05,2025,1,1,5,7,1,0,2025-01
2025-01-06,2025,1,1,6,1,0,0,2025-01
2025-01-07,2025,1,1,7,2,0,0,2025-01
2025-01-08,2025,1,1,8,3,0,0,2025-01
2025-01-09,2025,1,1,9,4,0,0,2025-01
2025-01-10,2025,1,1,10,5,0,0,2025-01
2025-01-11,2025,1,1,11,6,1,0,2025-01
2025-01-12,2025,1,1,12,7,1,0,2025-01
2025-01-13,2025,1,1,13,1,0,0,2025-01
2025-01-14,2025,1,1,14,2,0,0,2025-01
2025-01-15,2025,1,1,15,3,0,0,2025-01
2025-01-16,2025,1,1,16,4,0,0,2025-01
2025-01-17,2025,1,1,17,5,0,0,2025-01
2025-01-18,2025,1,1,18,6,1,0,2025-01
2025-01-19,2025,1,1,19,7,1,0,2025-01
2025-01-20,2025,1,1,20,1,0,0,2025-01
2025-01-21,2025,1,1,21,2,0,0,2025-01
2025-01-22,2025,1,1,22,3,0,0,2025-01
2025-01-23,2025,1,1,23,4,0,0,2025-01
2025-01-24,2025,1,1,24,5,0,0,2025-01
2025-01-25,2025,1,1,25,6,1,0,2025-01
2025-01-26,2025,1,1,26,7,1,0,2025-01
2025-01-27,2025,1,1,27,1,0,0,2025-01
2025-01-28,2025,1,1,28,2,0,0,2025-01
2025-01-29,2025,1,1,29,3,0,0,2025-01
2025-01-30,2025,1,1,30,4,0,0,2025-01
2025-01-31,2025,1,1,31,5,0,0,2025-01
2025-02-01,2025,1,2,1,6,1,0,2025-02
2025-02-02,2025,1,2,2,7,1,0,2025-02
2025-02-03,2025,1,2,3,1,0,0,2025-02
2025-02-04,2025,1,2,4,2,0,0,2025-02
2025-02-05,2025,1,2,5,3,0,0,2025-02
2025-02-06,2025,1,2,6,4,0,0,2025-02
2025-02-07,2025,1,2,7,5,0,0,2025-02
2025-02-08,2025,1,2,8,6,1,0,2025-02
2025-02-09,2025,1,2,9,7,1,0,2025-02
2025-02-10,2025,1,2,10,1,0,0,2025-02
2025-02-11,2025,1,2,11,2,0,0,2025-02
2025-02-12,2025,1,2,12,3,0,0,2025-02
2025-02-13,2025,1,2,13,4,0,0,2025-02
2025-02-14,2025,1,2,14,5,0,0,2025-02
2025-02-15,2025,1,2,15,6,1,0,2025-02
2025-02-16,2025,1,2,16,7,1,0,2025-02
2025-02-17,2025,1,2,17,1,0,0,2025-02
2025-02-18,2025,1,2,18,2,0,0,2025-02
2025-02-19,2025,1,2,19,3,0,0,2025-02
2025-02-20,2025,1,2,20,4,0,0,2025-02
2025-02-21,2025,1,2,21,5,0,0,2025-02
2025-02-22,2025,1,2,22,6,1,0,2025-02
2025-02-23,2025,1,2,23,7,1,0,2025-02
2025-02-24,2025,1,2,24,1,0,0,2025-02
2025-02-25,2025,1,2,25,2,0,0,2025-02
2025-02-26,2025,1,2,26,3,0,0,2025-02
2025-02-27,2025,1,2,27,4,0,0,2025-02
2025-02-28,2025,1,2,28,5,0,0,2025-02
2025-03-01,2025,1,3,1,6,1,0,2025-03
2025-03-02,2025,1,3,2,7,1,0,2025-03
2025-03-03,2025,1,3,3,1,0,0,2025-03
2025-03-04,2025,1,3,4,2,0,0,2025-03
2025-03-05,2025,1,3,5,3,0,0,2025-03
2025-03-06,2025,1,3,6,4,0,0,2025-03
2025-03-07,2025,1,3,7,5,0,0,2025-03
2025-03-08,2025,1,3,8,6,1,0,2025-03
2025-03-09,2025,1,3,9,7,1,0,2025-03
2025-03-10,2025,1,3,10,1,0,0,2025-03
2025-03-11,2025,1,3,11,2,0,0,2025-03
2025-03-12,2025,1,3,12,3,0,0,2025-03
2025-03-13,2025,1,3,13,4,0,0,2025-03
2025-03-14,2025,1,3,14,5,0,0,2025-03
2025-03-15,2025,1,3,15,6,1,0,2025-03
2025-03-16,2025,1,3,16,7,1,0,2025-03
2025-03-17,2025,1,3,17,1,0,0,2025-03
2025-03-18,2025,1,3,18,2,0,0,2025-03
2025-03-19,2025,1,3,19,3,0,0,2025-03
2025-03-20,2025,1,3,20,4,0,0,2025-03
2025-03-21,2025,1,3,21,5,0,0,2025-03
2025-03-22,2025,1,3,22,6,1,0,2025-03
2025-03-23,2025,1,3,23,7,1,0,2025-03
2025-03-24,2025,1,3,24,1,0,0,2025-03
2025-03-25,2025,1,3,25,2,0,0,2025-03
2025-03-26,2025,1,3,26,3,0,0,2025-03
2025-03-27,2025,1,3,27,4,0,0,2025-03
2025-03-28,2025,1,3,28,5,0,0,2025-03
2025-03-29,2025,1,3,29,6,1,0,2025-03
2025-03-30,2025,1,3,30,7,1,0,2025-03
2025-03-31,2025,1,3,31,1,0,0,2025-03
2025-04-01,2025,2,4,1,2,0,0,2025-04
2025-04-02,2025,2,4,2,3,0,0,2025-04
2025-04-03,2025,2,4,3,4,0,0,2025-04
2025-04-04,2025,2,4,4,5,0,0,2025-04
2025-04-05,2025,2,4,5,6,1,0,2025-04
2025-04-06,2025,2,4,6,7,1,0,2025-04
2025-04-07,2025,2,4,7,1,0,0,2025-04
2025-04-08,2025,2,4,8,2,0,0,2025-04
2025-04-09,2025,2,4,9,3,0,0,2025-04
2025-04-10,2025,2,4,10,4,0,0,2025-04
2025-04-11,2025,2,4,11,5,0,0,2025-04
2025-04-12,2025,2,4,12,6,1,0,2025-04
2025-04-13,2025,2,4,13,7,1,0,2025-04
2025-04-14,2025,2,4,14,1,0,0,2025-04
2025-04-15,2025,2,4,15,2,0,0,2025-04
2025-04-16,2025,2,4,16,3,0,0,2025-04
2025-04-17,2025,2,4,17,4,0,0,2025-04
2025-04-18,2025,2,4,18,5,0,0,2025-04
2025-04-19,2025,2,4,19,6,1,0,2025-04
2025-04-20,2025,2,4,20,7,1,0,2025-04
2025-04-21,2025,2,4,21,1,0,0,2025-04
2025-04-22,2025,2,4,22,2,0,0,2025-04
2025-04-23,2025,2,4,23,3,0,0,2025-04
2025-04-24,2025,2,4,24,4,0,0,2025-04
2025-04-25,2025,2,4,25,5,0,0,2025-04
2025-04-26,2025,2,4,26,6,1,0,2025-04
2025-04-27,2025,2,4,27,7,1,0,2025-04
2025-04-28,2025,2,4,28,1,0,0,2025-04
2025-04-29,2025,2,4,29,2,0,0,2025-04
2025-04-30,2025,2,4,30,3,0,0,2025-04
2025-05-01,2025,2,5,1,4,0,0,2025-05
2025-05-02,2025,2,5,2,5,0,0,2025-05
2025-05-03,2025,2,5,3,6,1,0,2025-05
2025-05-04,2025,2,5,4,7,1,0,2025-05
2025-05-05,2025,2,5,5,1,0,0,2025-05
2025-05-06,2025,2,5,6,2,0,0,2025-05
2025-05-07,2025,2,5,7,3,0,0,2025-05
2025-05-08,2025,2,5,8,4,0,0,2025-05
2025-05-09,2025,2,5,9,5,0,0,2025-05
2025-05-10,2025,2,5,10,6,1,0,2025-05
2025-05-11,2025,2,5,11,7,1,0,2025-05
2025-05-12,2025,2,5,12,1,0,0,2025-05
2025-05-13,2025,2,5,13,2,0,0,2025-05
2025-05-14,2025,2,5,14,3,0,0,2025-05
2025-05-15,2025,2,5,15,4,0,0,2025-05
2025-05-16,2025,2,5,16,5,0,0,2025-05
2025-05-17,2025,2,5,17,6,1,0,2025-05
2025-05-18,2025,2,5,18,7,1,0,2025-05
2025-05-19,2025,2,5,19,1,0,0,2025-05
2025-05-20,2025,2,5,20,2,0,0,2025-05
2025-05-21,2025,2,5,21,3,0,0,2025-05
2025-05-22,2025,2,5,22,4,0,0,2025-05
2025-05-23,2025,2,5,23,5,0,0,2025-05
2025-05-24,2025,2,5,24,6,1,0,2025-05
2025-05-25,2025,2,5,25,7,1,0,2025-05
2025-05-26,2025,2,5,26,1,0,0,2025-05
2025-05-27,2025,2,5,27,2,0,0,2025-05
2025-05-28,2025,2,5,28,3,0,0,2025-05
2025-05-29,2025,2,5,29,4,0,0,2025-05
2025-05-30,2025,2,5,30,5,0,0,2025-05
2025-05-31,2025,2,5,31,6,1,0,2025-05
2025-06-01,2025,2,6,1,7,1,0,2025-06
2025-06-02,2025,2,6,2,1,0,0,2025-06
2025-06-03,2025,2,6,3,2,0,0,2025-06
2025-06-04,2025,2,6,4,3,0,0,2025-06
2025-06-05,2025,2,6,5,4,0,0,2025-06
2025-06-06,2025,2,6,6,5,0,0,2025-06
2025-06-07,2025,2,6,7,6,1,0,2025-06
2025-06-08,2025,2,6,8,7,1,0,2025-06
2025-06-09,2025,2,6,9,1,0,0,2025-06
2025-06-10,2025,2,6,10,2,0,0,2025-06
2025-06-11,2025,2,6,11,3,0,0,2025-06
2025-06-12,2025,2,6,12,4,0,0,2025-06
2025-06-13,2025,2,6,13,5,0,0,2025-06
2025-06-14,2025,2,6,14,6,1,0,2025-06
2025-06-15,2025,2,6,15,7,1,0,2025-06
2025-06-16,2025,2,6,16,1,0,0,2025-06
2025-06-17,2025,2,6,17,2,0,0,2025-06
2025-06-18,2025,2,6,18,3,0,0,2025-06
2025-06-19,2025,2,6,19,4,0,0,2025-06
2025-06-20,2025,2,6,20,5,0,0,2025-06
2025-06-21,2025,2,6,21,6,1,0,2025-06
2025-06-22,2025,2,6,22,7,1,0,2025-06
2025-06-23,2025,2,6,23,1,0,0,2025-06
2025-06-24,2025,2,6,24,2,0,0,2025-06
2025-06-25,2025,2,6,25,3,0,0,2025-06
2025-06-26,2025,2,6,26,4,0,0,2025-06
2025-06-27,2025,2,6,27,5,0,0,2025-06
2025-06-28,2025,2,6,28,6,1,0,2025-06
2025-06-29,2025,2,6,29,7,1,0,2025-06
2025-06-30,2025,2,6,30,1,0,0,2025-06
2025-07-01,2025,3,7,1,2,0,0,2025-07
2025-07-02,2025,3,7,2,3,0,0,2025-07
2025-07-03,2025,3,7,3,4,0,0,2025-07
2025-07-04,2025,3,7,4,5,0,0,2025-07
2025-07-05,2025,3,7,5,6,1,0,2025-07
2025-07-06,2025,3,7,6,7,1,0,2025-07
2025-07-07,2025,3,7,7,1,0,0,2025-07
2025-07-08,2025,3,7,8,2,0,0,2025-07
2025-07-09,2025,3,7,9,3,0,0,2025-07
2025-07-10,2025,3,7,10,4,0,0,2025-07
2025-07-11,2025,3,7,11,5,0,0,2025-07
2025-07-12,2025,3,7,12,6,1,0,2025-07
2025-07-13,2025,3,7,13,7,1,0,2025-07
2025-07-14,2025,3,7,14,1,0,0,2025-07
2025-07-15,2025,3,7,15,2,0,0,2025-07
2025-07-16,2025,3,7,16,3,0,0,2025-07
2025-07-17,2025,3,7,17,4,0,0,2025-07
2025-07-18,2025,3,7,18,5,0,0,2025-07
2025-07-19,2025,3,7,19,6,1,0,2025-07
2025-07-20,2025,3,7,20,7,1,0,2025-07
2025-07-21,2025,3,7,21,1,0,0,2025-07
2025-07-22,2025,3,7,22,2,0,0,2025-07
2025-07-23,2025,3,7,23,3,0,0,2025-07
2025-07-24,2025,3,7,24,4,0,0,2025-07
2025-07-25,2025,3,7,25,5,0,0,2025-07
2025-07-26,2025,3,7,26,6,1,0,2025-07
2025-07-27,2025,3,7,27,7,1,0,2025-07
2025-07-28,2025,3,7,28,1,0,0,2025-07
2025-07-29,2025,3,7,29,2,0,0,2025-07
2025-07-30,2025,3,7,30,3,0,0,2025-07
2025-07-31,2025,3,7,31,4,0,0,2025-07
2025-08-01,2025,3,8,1,5,0,0,2025-08
2025-08-02,2025,3,8,2,6,1,0,2025-08
2025-08-03,2025,3,8,3,7,1,0,2025-08
2025-08-04,2025,3,8,4,1,0,0,2025-08
2025-08-05,2025,3,8,5,2,0,0,2025-08
2025-08-06,2025,3,8,6,3,0,0,2025-08
2025-08-07,2025,3,8,7,4,0,0,2025-08
2025-08-08,2025,3,8,8,5,0,0,2025-08
2025-08-09,2025,3,8,9,6,1,0,2025-08
2025-08-10,2025,3,8,10,7,1,0,2025-08
2025-08-11,2025,3,8,11,1,0,0,2025-08
2025-08-12,2025,3,8,12,2,0,0,2025-08
2025-08-13,2025,3,8,13,3,0,0,2025-08
2025-08-14,2025,3,8,14,4,0,0,2025-08
2025-08-15,2025,3,8,15,5,0,0,2025-08
2025-08-16,2025,3,8,16,6,1,0,2025-08
2025-08-17,2025,3,8,17,7,1,0,2025-08
2025-08-18,2025,3,8,18,1,0,0,2025-08
2025-08-19,2025,3,8,19,2,0,0,2025-08
2025-08-20,2025,3,8,20,3,0,0,2025-08
2025-08-21,2025,3,8,21,4,0,0,2025-08
2025-08-22,2025,3,8,22,5,0,0,2025-08
2025-08-23,2025,3,8,23,6,1,0,2025-08
2025-08-24,2025,3,8,24,7,1,0,2025-08
2025-08-25,2025,3,8,25,1,0,0,2025-08
2025-08-26,2025,3,8,26,2,0,0,2025-08
2025-08-27,2025,3,8,27,3,0,0,2025-08
2025-08-28,2025,3,8,28,4,0,0,2025-08
2025-08-29,2025,3,8,29,5,0,0,2025-08
2025-08-30,2025,3,8,30,6,1,0,2025-08
2025-08-31,2025,3,8,31,7,1,0,2025-08
2025-09-01,2025,3,9,1,1,0,0,2025-09
2025-09-02,2025,3,9,2,2,0,0,2025-09
2025-09-03,2025,3,9,3,3,0,0,2025-09
2025-09-04,2025,3,9,4,4,0,0,2025-09
2025-09-05,2025,3,9,5,5,0,0,2025-09
2025-09-06,2025,3,9,6,6,1,0,2025-09
2025-09-07,2025,3,9,7,7,1,0,2025-09
2025-09-08,2025,3,9,8,1,0,0,2025-09
2025-09-09,2025,3,9,9,2,0,0,2025-09
2025-09-10,2025,3,9,10,3,0,0,2025-09
2025-09-11,2025,3,9,11,4,0,0,2025-09
2025-09-12,2025,3,9,12,5,0,0,2025-09
2025-09-13,2025,3,9,13,6,1,0,2025-09
2025-09-14,2025,3,9,14,7,1,0,2025-09
2025-09-15,2025,3,9,15,1,0,0,2025-09
2025-09-16,2025,3,9,16,2,0,0,2025-09
2025-09-17,2025,3,9,17,3,0,0,2025-09
2025-09-18,2025,3,9,18,4,0,0,2025-09
2025-09-19,2025,3,9,19,5,0,0,2025-09
2025-09-20,2025,3,9,20,6,1,0,2025-09
2025-09-21,2025,3,9,21,7,1,0,2025-09
2025-09-22,2025,3,9,22,1,0,0,2025-09
2025-09-23,2025,3,9,23,2,0,0,2025-09
2025-09-24,2025,3,9,24,3,0,0,2025-09
2025-09-25,2025,3,9,25,4,0,0,2025-09
2025-09-26,2025,3,9,26,5,0,0,2025-09
2025-09-27,2025,3,9,27,6,1,0,2025-09
2025-09-28,2025,3,9,28,7,1,0,2025-09
2025-09-29,2025,3,9,29,1,0,0,2025-09
2025-09-30,2025,3,9,30,2,0,0,2025-09
2025-10-01,2025,4,10,1,3,0,0,2025-10
2025-10-02,2025,4,10,2,4,0,0,2025-10
2025-10-03,2025,4,10,3,5,0,0,2025-10
2025-10-04,2025,4,10,4,6,1,0,2025-10
2025-10-05,2025,4,10,5,7,1,0,2025-10
2025-10-06,2025,4,10,6,1,0,0,2025-10
2025-10-07,2025,4,10,7,2,0,0,2025-10
2025-10-08,2025,4,10,8,3,0,0,2025-10
2025-10-09,2025,4,10,9,4,0,0,2025-10
2025-10-10,2025,4,10,10,5,0,0,2025-10
2025-10-11,2025,4,10,11,6,1,0,2025-10
2025-10-12,2025,4,10,12,7,1,0,2025-10
2025-10-13,2025,4,10,13,1,0,0,2025-10
2025-10-14,2025,4,10,14,2,0,0,2025-10
2025-10-15,2025,4,10,15,3,0,0,2025-10
2025-10-16,2025,4,10,16,4,0,0,2025-10
2025-10-17,2025,4,10,17,5,0,0,2025-10
2025-10-18,2025,4,10,18,6,1,0,2025-10
2025-10-19,2025,4,10,19,7,1,0,2025-10
2025-10-20,2025,4,10,20,1,0,0,2025-10
2025-10-21,2025,4,10,21,2,0,0,2025-10
2025-10-22,2025,4,10,22,3,0,0,2025-10
2025-10-23,2025,4,10,23,4,0,0,2025-10
2025-10-24,2025,4,10,24,5,0,0,2025-10
2025-10-25,2025,4,10,25,6,1,0,2025-10
2025-10-26,2025,4,10,26,7,1,0,2025-10
2025-10-27,2025,4,10,27,1,0,0,2025-10
2025-10-28,2025,4,10,28,2,0,0,2025-10
2025-10-29,2025,4,10,29,3,0,0,2025-10
2025-10-30,2025,4,10,30,4,0,0,2025-10
2025-10-31,2025,4,10,31,5,0,0,2025-10
2025-11-01,2025,4,11,1,6,1,0,2025-11
2025-11-02,2025,4,11,2,7,1,0,2025-11
2025-11-03,2025,4,11,3,1,0,0,2025-11
2025-11-04,2025,4,11,4,2,0,0,2025-11
2025-11-05,2025,4,11,5,3,0,0,2025-11
2025-11-06,2025,4,11,6,4,0,0,2025-11
2025-11-07,2025,4,11,7,5,0,0,2025-11
2025-11-08,2025,4,11,8,6,1,0,2025-11
2025-11-09,2025,4,11,9,7,1,0,2025-11
2025-11-10,2025,4,11,10,1,0,0,2025-11
2025-11-11,2025,4,11,11,2,0,0,2025-11
2025-11-12,2025,4,11,12,3,0,0,2025-11
2025-11-13,2025,4,11,13,4,0,0,2025-11
2025-11-14,2025,4,11,14,5,0,0,2025-11
2025-11-15,2025,4,11,15,6,1,0,2025-11
2025-11-16,2025,4,11,16,7,1,0,2025-11
2025-11-17,2025,4,11,17,1,0,0,2025-11
2025-11-18,2025,4,11,18,2,0,0,2025-11
2025-11-19,2025,4,11,19,3,0,0,2025-11
2025-11-20,2025,4,11,20,4,0,0,2025-11
2025-11-21,2025,4,11,21,5,0,0,2025-11
2025-11-22,2025,4,11,22,6,1,0,2025-11
2025-11-23,2025,4,11,23,7,1,0,2025-11
2025-11-24,2025,4,11,24,1,0,0,2025-11
2025-11-25,2025,4,11,25,2,0,0,2025-11
2025-11-26,2025,4,11,26,3,0,0,2025-11
2025-11-27,2025,4,11,27,4,0,0,2025-11
2025-11-28,2025,4,11,28,5,0,0,2025-11
2025-11-29,2025,4,11,29,6,1,0,2025-11
2025-11-30,2025,4,11,30,7,1,0,2025-11
2025-12-01,2025,4,12,1,1,0,0,2025-12
2025-12-02,2025,4,12,2,2,0,0,2025-12
2025-12-03,2025,4,12,3,3,0,0,2025-12
2025-12-04,2025,4,12,4,4,0,0,2025-12
2025-12-05,2025,4,12,5,5,0,0,2025-12
2025-12-06,2025,4,12,6,6,1,0,2025-12
2025-12-07,2025,4,12,7,7,1,0,2025-12
2025-12-08,2025,4,12,8,1,0,0,2025-12
2025-12-09,2025,4,12,9,2,0,0,2025-12
2025-12-10,2025,4,12,10,3,0,0,2025-12
2025-12-11,2025,4,12,11,4,0,0,2025-12
2025-12-12,2025,4,12,12,5,0,0,2025-12
2025-12-13,2025,4,12,13,6,1,0,2025-12
2025-12-14,2025,4,12,14,7,1,0,2025-12
2025-12-15,2025,4,12,15,1,0,0,2025-12
2025-12-16,2025,4,12,16,2,0,0,2025-12
2025-12-17,2025,4,12,17,3,0,0,2025-12
2025-12-18,2025,4,12,18,4,0,0,2025-12
2025-12-19,2025,4,12,19,5,0,0,2025-12
2025-12-20,2025,4,12,20,6,1,0,2025-12
2025-12-21,2025,4,12,21,7,1,0,2025-12
2025-12-22,2025,4,12,22,1,0,0,2025-12
2025-12-23,2025,4,12,23,2,0,0,2025-12
2025-12-24,2025,4,12,24,3,0,0,2025-12
2025-12-25,2025,4,12,25,4,0,0,2025-12
2025-12-26,2025,4,12,26,5,0,0,2025-12
2025-12-27,2025,4,12,27,6,1,0,2025-12
2025-12-28,2025,4,12,28,7,1,0,2025-12
2025-12-29,2025,4,12,29,1,0,0,2025-12
2025-12-30,2025,4,12,30,2,0,0,2025-12
2025-12-31,2025,4,12,31,3,0,0,2025-12
2026-01-01,2026,1,1,1,4,0,0,2026-01
2026-01-02,2026,1,1,2,5,0,0,2026-01
2026-01-03,2026,1,1,3,6,1,0,2026-01
2026-01-04,2026,1,1,4,7,1,0,2026-01
2026-01-05,2026,1,1,5,1,0,0,2026-01
2026-01-06,2026,1,1,6,2,0,0,2026-01
2026-01-07,2026,1,1,7,3,0,0,2026-01
2026-01-08,2026,1,1,8,4,0,0,2026-01
2026-01-09,2026,1,1,9,5,0,0,2026-01
2026-01-10,2026,1,1,10,6,1,0,2026-01
2026-01-11,2026,1,1,11,7,1,0,2026-01
2026-01-12,2026,1,1,12,1,0,0,2026-01
2026-01-13,2026,1,1,13,2,0,0,2026-01
2026-01-14,2026,1,1,14,3,0,0,2026-01
2026-01-15,2026,1,1,15,4,0,0,2026-01
2026-01-16,2026,1,1,16,5,0,0,2026-01
2026-01-17,2026,1,1,17,6,1,0,2026-01
2026-01-18,2026,1,1,18,7,1,0,2026-01
2026-01-19,2026,1,1,19,1,0,0,2026-01
2026-01-20,2026,1,1,20,2,0,0,2026-01
2026-01-21,2026,1,1,21,3,0,0,2026-01
2026-01-22,2026,1,1,22,4,0,0,2026-01
2026-01-23,2026,1,1,23,5,0,0,2026-01
2026-01-24,2026,1,1,24,6,1,0,2026-01
2026-01-25,2026,1,1,25,7,1,0,2026-01
2026-01-26,2026,1,1,26,1,0,0,2026-01
2026-01-27,2026,1,1,27,2,0,0,2026-01
2026-01-28,2026,1,1,28,3,0,0,2026-01
2026-01-29,2026,1,1,29,4,0,0,2026-01
2026-01-30,2026,1,1,30,5,0,0,2026-01
2026-01-31,2026,1,1,31,6,1,0,2026-01
2026-02-01,2026,1,2,1,7,1,0,2026-02
2026-02-02,2026,1,2,2,1,0,0,2026-02
2026-02-03,2026,1,2,3,2,0,0,2026-02
2026-02-04,2026,1,2,4,3,0,0,2026-02
2026-02-05,2026,1,2,5,4,0,0,2026-02
2026-02-06,2026,1,2,6,5,0,0,2026-02
2026-02-07,2026,1,2,7,6,1,0,2026-02
2026-02-08,2026,1,2,8,7,1,0,2026-02
2026-02-09,2026,1,2,9,1,0,0,2026-02
2026-02-10,2026,1,2,10,2,0,0,2026-02
2026-02-11,2026,1,2,11,3,0,0,2026-02
2026-02-12,2026,1,2,12,4,0,0,2026-02
2026-02-13,2026,1,2,13,5,0,0,2026-02
2026-02-14,2026,1,2,14,6,1,0,2026-02
2026-02-15,2026,1,2,15,7,1,0,2026-02
2026-02-16,2026,1,2,16,1,0,0,2026-02
2026-02-17,2026,1,2,17,2,0,0,2026-02
2026-02-18,2026,1,2,18,3,0,0,2026-02
2026-02-19,2026,1,2,19,4,0,0,2026-02
2026-02-20,2026,1,2,20,5,0,0,2026-02
2026-02-21,2026,1,2,21,6,1,0,2026-02
2026-02-22,2026,1,2,22,7,1,0,2026-02
2026-02-23,2026,1,2,23,1,0,0,2026-02
2026-02-24,2026,1,2,24,2,0,0,2026-02
2026-02-25,2026,1,2,25,3,0,0,2026-02
2026-02-26,2026,1,2,26,4,0,0,2026-02
2026-02-27,2026,1,2,27,5,0,0,2026-02
2026-02-28,2026,1,2,28,6,1,0,2026-02
2026-03-01,2026,1,3,1,7,1,0,2026-03
2026-03-02,2026,1,3,2,1,0,0,2026-03
2026-03-03,2026,1,3,3,2,0,0,2026-03
2026-03-04,2026,1,3,4,3,0,0,2026-03
2026-03-05,2026,1,3,5,4,0,0,2026-03
2026-03-06,2026,1,3,6,5,0,0,2026-03
2026-03-07,2026,1,3,7,6,1,0,2026-03
2026-03-08,2026,1,3,8,7,1,0,2026-03
2026-03-09,2026,1,3,9,1,0,0,2026-03
2026-03-10,2026,1,3,10,2,0,0,2026-03
2026-03-11,2026,1,3,11,3,0,0,2026-03
2026-03-12,2026,1,3,12,4,0,0,2026-03
2026-03-13,2026,1,3,13,5,0,0,2026-03
2026-03-14,2026,1,3,14,6,1,0,2026-03
2026-03-15,2026,1,3,15,7,1,0,2026-03
2026-03-16,2026,1,3,16,1,0,0,2026-03
2026-03-17,2026,1,3,17,2,0,0,2026-03
2026-03-18,2026,1,3,18,3,0,0,2026-03
2026-03-19,2026,1,3,19,4,0,0,2026-03
2026-03-20,2026,1,3,20,5,0,0,2026-03
2026-03-21,2026,1,3,21,6,1,0,2026-03
2026-03-22,2026,1,3,22,7,1,0,2026-03
2026-03-23,2026,1,3,23,1,0,0,2026-03
2026-03-24,2026,1,3,24,2,0,0,2026-03
2026-03-25,2026,1,3,25,3,0,0,2026-03
2026-03-26,2026,1,3,26,4,0,0,2026-03
2026-03-27,2026,1,3,27,5,0,0,2026-03
2026-03-28,2026,1,3,28,6,1,0,2026-03
2026-03-29,2026,1,3,29,7,1,0,2026-03
2026-03-30,2026,1,3,30,1,0,0,2026-03
2026-03-31,2026,1,3,31,2,0,0,2026-03
2026-04-01,2026,2,4,1,3,0,0,2026-04
2026-04-02,2026,2,4,2,4,0,0,2026-04
2026-04-03,2026,2,4,3,5,0,0,2026-04
2026-04-04,2026,2,4,4,6,1,0,2026-04
2026-04-05,2026,2,4,5,7,1,0,2026-04
2026-04-06,2026,2,4,6,1,0,0,2026-04
2026-04-07,2026,2,4,7,2,0,0,2026-04
2026-04-08,2026,2,4,8,3,0,0,2026-04
2026-04-09,2026,2,4,9,4,0,0,2026-04
2026-04-10,2026,2,4,10,5,0,0,2026-04
2026-04-11,2026,2,4,11,6,1,0,2026-04
2026-04-12,2026,2,4,12,7,1,0,2026-04
2026-04-13,2026,2,4,13,1,0,0,2026-04
2026-04-14,2026,2,4,14,2,0,0,2026-04
2026-04-15,2026,2,4,15,3,0,0,2026-04
2026-04-16,2026,2,4,16,4,0,0,2026-04
2026-04-17,2026,2,4,17,5,0,0,2026-04
2026-04-18,2026,2,4,18,6,1,0,2026-04
2026-04-19,2026,2,4,19,7,1,0,2026-04
2026-04-20,2026,2,4,20,1,0,0,2026-04
2026-04-21,2026,2,4,21,2,0,0,2026-04
2026-04-22,2026,2,4,22,3,0,0,2026-04
2026-04-23,2026,2,4,23,4,0,0,2026-04
2026-04-24,2026,2,4,24,5,0,0,2026-04
2026-04-25,2026,2,4,25,6,1,0,2026-04
2026-04-26,2026,2,4,26,7,1,0,2026-04
2026-04-27,2026,2,4,27,1,0,0,2026-04
2026-04-28,2026,2,4,28,2,0,0,2026-04
2026-04-29,2026,2,4,29,3,0,0,2026-04
2026-04-30,2026,2,4,30,4,0,0,2026-04
2026-05-01,2026,2,5,1,5,0,0,2026-05
2026-05-02,2026,2,5,2,6,1,0,2026-05
2026-05-03,2026,2,5,3,7,1,0,2026-05
2026-05-04,2026,2,5,4,1,0,0,2026-05
2026-05-05,2026,2,5,5,2,0,0,2026-05
2026-05-06,2026,2,5,6,3,0,0,2026-05
2026-05-07,2026,2,5,7,4,0,0,2026-05
2026-05-08,2026,2,5,8,5,0,0,2026-05
2026-05-09,2026,2,5,9,6,1,0,2026-05
2026-05-10,2026,2,5,10,7,1,0,2026-05
2026-05-11,2026,2,5,11,1,0,0,2026-05
2026-05-12,2026,2,5,12,2,0,0,2026-05
2026-05-13,2026,2,5,13,3,0,0,2026-05
2026-05-14,2026,2,5,14,4,0,0,2026-05
2026-05-15,2026,2,5,15,5,0,0,2026-05
2026-05-16,2026,2,5,16,6,1,0,2026-05
2026-05-17,2026,2,5,17,7,1,0,2026-05
2026-05-18,2026,2,5,18,1,0,0,2026-05
2026-05-19,2026,2,5,19,2,0,0,2026-05
2026-05-20,2026,2,5,20,3,0,0,2026-05
2026-05-21,2026,2,5,21,4,0,0,2026-05
2026-05-22,2026,2,5,22,5,0,0,2026-05
2026-05-23,2026,2,5,23,6,1,0,2026-05
2026-05-24,2026,2,5,24,7,1,0,2026-05
2026-05-25,2026,2,5,25,1,0,0,2026-05
2026-05-26,2026,2,5,26,2,0,0,2026-05
2026-05-27,2026,2,5,27,3,0,0,2026-05
2026-05-28,2026,2,5,28,4,0,0,2026-05
2026-05-29,2026,2,5,29,5,0,0,2026-05
2026-05-30,2026,2,5,30,6,1,0,2026-05
2026-05-31,2026,2,5,31,7,1,0,2026-05
2026-06-01,2026,2,6,1,1,0,0,2026-06
2026-06-02,2026,2,6,2,2,0,0,2026-06
2026-06-03,2026,2,6,3,3,0,0,2026-06
2026-06-04,2026,2,6,4,4,0,0,2026-06
2026-06-05,2026,2,6,5,5,0,0,2026-06
2026-06-06,2026,2,6,6,6,1,0,2026-06
2026-06-07,2026,2,6,7,7,1,0,2026-06
2026-06-08,2026,2,6,8,1,0,0,2026-06
2026-06-09,2026,2,6,9,2,0,0,2026-06
2026-06-10,2026,2,6,10,3,0,0,2026-06
2026-06-11,2026,2,6,11,4,0,0,2026-06
2026-06-12,2026,2,6,12,5,0,0,2026-06
2026-06-13,2026,2,6,13,6,1,0,2026-06
2026-06-14,2026,2,6,14,7,1,0,2026-06
2026-06-15,2026,2,6,15,1,0,0,2026-06
2026-06-16,2026,2,6,16,2,0,0,2026-06
2026-06-17,2026,2,6,17,3,0,0,2026-06
2026-06-18,2026,2,6,18,4,0,0,2026-06
2026-06-19,2026,2,6,19,5,0,0,2026-06
2026-06-20,2026,2,6,20,6,1,0,2026-06
2026-06-21,2026,2,6,21,7,1,0,2026-06
2026-06-22,2026,2,6,22,1,0,0,2026-06
2026-06-23,2026,2,6,23,2,0,0,2026-06
2026-06-24,2026,2,6,24,3,0,0,2026-06
2026-06-25,2026,2,6,25,4,0,1,2026-06
2026-06-26,2026,2,6,26,5,0,0,2026-06
2026-06-27,2026,2,6,27,6,1,0,2026-06
2026-06-28,2026,2,6,28,7,1,0,2026-06
2026-06-29,2026,2,6,29,1,0,0,2026-06
2026-06-30,2026,2,6,30,2,0,0,2026-06
2026-07-01,2026,3,7,1,3,0,0,2026-07
2026-07-02,2026,3,7,2,4,0,0,2026-07
2026-07-03,2026,3,7,3,5,0,0,2026-07
2026-07-04,2026,3,7,4,6,1,0,2026-07
2026-07-05,2026,3,7,5,7,1,0,2026-07
2026-07-06,2026,3,7,6,1,0,0,2026-07
2026-07-07,2026,3,7,7,2,0,0,2026-07
2026-07-08,2026,3,7,8,3,0,0,2026-07
2026-07-09,2026,3,7,9,4,0,0,2026-07
2026-07-10,2026,3,7,10,5,0,0,2026-07
2026-07-11,2026,3,7,11,6,1,0,2026-07
2026-07-12,2026,3,7,12,7,1,0,2026-07
2026-07-13,2026,3,7,13,1,0,0,2026-07
2026-07-14,2026,3,7,14,2,0,0,2026-07
2026-07-15,2026,3,7,15,3,0,0,2026-07
2026-07-16,2026,3,7,16,4,0,0,2026-07
2026-07-17,2026,3,7,17,5,0,0,2026-07
2026-07-18,2026,3,7,18,6,1,0,2026-07
2026-07-19,2026,3,7,19,7,1,0,2026-07
2026-07-20,2026,3,7,20,1,0,0,2026-07
2026-07-21,2026,3,7,21,2,0,0,2026-07
2026-07-22,2026,3,7,22,3,0,0,2026-07
2026-07-23,2026,3,7,23,4,0,0,2026-07
2026-07-24,2026,3,7,24,5,0,0,2026-07
2026-07-25,2026,3,7,25,6,1,0,2026-07
2026-07-26,2026,3,7,26,7,1,0,2026-07
2026-07-27,2026,3,7,27,1,0,0,2026-07
2026-07-28,2026,3,7,28,2,0,0,2026-07
2026-07-29,2026,3,7,29,3,0,0,2026-07
2026-07-30,2026,3,7,30,4,0,0,2026-07
2026-07-31,2026,3,7,31,5,0,0,2026-07
2026-08-01,2026,3,8,1,6,1,0,2026-08
2026-08-02,2026,3,8,2,7,1,0,2026-08
2026-08-03,2026,3,8,3,1,0,0,2026-08
2026-08-04,2026,3,8,4,2,0,0,2026-08
2026-08-05,2026,3,8,5,3,0,0,2026-08
2026-08-06,2026,3,8,6,4,0,0,2026-08
2026-08-07,2026,3,8,7,5,0,0,2026-08
2026-08-08,2026,3,8,8,6,1,0,2026-08
2026-08-09,2026,3,8,9,7,1,0,2026-08
2026-08-10,2026,3,8,10,1,0,0,2026-08
2026-08-11,2026,3,8,11,2,0,0,2026-08
2026-08-12,2026,3,8,12,3,0,0,2026-08
2026-08-13,2026,3,8,13,4,0,0,2026-08
2026-08-14,2026,3,8,14,5,0,0,2026-08
2026-08-15,2026,3,8,15,6,1,0,2026-08
2026-08-16,2026,3,8,16,7,1,0,2026-08
2026-08-17,2026,3,8,17,1,0,0,2026-08
2026-08-18,2026,3,8,18,2,0,0,2026-08
2026-08-19,2026,3,8,19,3,0,0,2026-08
2026-08-20,2026,3,8,20,4,0,0,2026-08
2026-08-21,2026,3,8,21,5,0,0,2026-08
2026-08-22,2026,3,8,22,6,1,0,2026-08
2026-08-23,2026,3,8,23,7,1,0,2026-08
2026-08-24,2026,3,8,24,1,0,0,2026-08
2026-08-25,2026,3,8,25,2,0,0,2026-08
2026-08-26,2026,3,8,26,3,0,0,2026-08
2026-08-27,2026,3,8,27,4,0,0,2026-08
2026-08-28,2026,3,8,28,5,0,0,2026-08
2026-08-29,2026,3,8,29,6,1,0,2026-08
2026-08-30,2026,3,8,30,7,1,0,2026-08
2026-08-31,2026,3,8,31,1,0,0,2026-08
2026-09-01,2026,3,9,1,2,0,0,2026-09
2026-09-02,2026,3,9,2,3,0,0,2026-09
2026-09-03,2026,3,9,3,4,0,0,2026-09
2026-09-04,2026,3,9,4,5,0,0,2026-09
2026-09-05,2026,3,9,5,6,1,0,2026-09
2026-09-06,2026,3,9,6,7,1,0,2026-09
2026-09-07,2026,3,9,7,1,0,0,2026-09
2026-09-08,2026,3,9,8,2,0,0,2026-09
2026-09-09,2026,3,9,9,3,0,0,2026-09
2026-09-10,2026,3,9,10,4,0,0,2026-09
2026-09-11,2026,3,9,11,5,0,0,2026-09
2026-09-12,2026,3,9,12,6,1,0,2026-09
2026-09-13,2026,3,9,13,7,1,0,2026-09
2026-09-14,2026,3,9,14,1,0,0,2026-09
2026-09-15,2026,3,9,15,2,0,0,2026-09
2026-09-16,2026,3,9,16,3,0,0,2026-09
2026-09-17,2026,3,9,17,4,0,0,2026-09
2026-09-18,2026,3,9,18,5,0,0,2026-09
2026-09-19,2026,3,9,19,6,1,0,2026-09
2026-09-20,2026,3,9,20,7,1,0,2026-09
2026-09-21,2026,3,9,21,1,0,0,2026-09
2026-09-22,2026,3,9,22,2,0,0,2026-09
2026-09-23,2026,3,9,23,3,0,0,2026-09
2026-09-24,2026,3,9,24,4,0,0,2026-09
2026-09-25,2026,3,9,25,5,0,0,2026-09
2026-09-26,2026,3,9,26,6,1,0,2026-09
2026-09-27,2026,3,9,27,7,1,0,2026-09
2026-09-28,2026,3,9,28,1,0,0,2026-09
2026-09-29,2026,3,9,29,2,0,0,2026-09
2026-09-30,2026,3,9,30,3,0,0,2026-09
2026-10-01,2026,4,10,1,4,0,0,2026-10
2026-10-02,2026,4,10,2,5,0,0,2026-10
2026-10-03,2026,4,10,3,6,1,0,2026-10
2026-10-04,2026,4,10,4,7,1,0,2026-10
2026-10-05,2026,4,10,5,1,0,0,2026-10
2026-10-06,2026,4,10,6,2,0,0,2026-10
2026-10-07,2026,4,10,7,3,0,0,2026-10
2026-10-08,2026,4,10,8,4,0,0,2026-10
2026-10-09,2026,4,10,9,5,0,0,2026-10
2026-10-10,2026,4,10,10,6,1,0,2026-10
2026-10-11,2026,4,10,11,7,1,0,2026-10
2026-10-12,2026,4,10,12,1,0,0,2026-10
2026-10-13,2026,4,10,13,2,0,0,2026-10
2026-10-14,2026,4,10,14,3,0,0,2026-10
2026-10-15,2026,4,10,15,4,0,0,2026-10
2026-10-16,2026,4,10,16,5,0,0,2026-10
2026-10-17,2026,4,10,17,6,1,0,2026-10
2026-10-18,2026,4,10,18,7,1,0,2026-10
2026-10-19,2026,4,10,19,1,0,0,2026-10
2026-10-20,2026,4,10,20,2,0,0,2026-10
2026-10-21,2026,4,10,21,3,0,0,2026-10
2026-10-22,2026,4,10,22,4,0,0,2026-10
2026-10-23,2026,4,10,23,5,0,0,2026-10
2026-10-24,2026,4,10,24,6,1,0,2026-10
2026-10-25,2026,4,10,25,7,1,0,2026-10
2026-10-26,2026,4,10,26,1,0,0,2026-10
2026-10-27,2026,4,10,27,2,0,0,2026-10
2026-10-28,2026,4,10,28,3,0,0,2026-10
2026-10-29,2026,4,10,29,4,0,0,2026-10
2026-10-30,2026,4,10,30,5,0,0,2026-10
2026-10-31,2026,4,10,31,6,1,0,2026-10
2026-11-01,2026,4,11,1,7,1,0,2026-11
2026-11-02,2026,4,11,2,1,0,0,2026-11
2026-11-03,2026,4,11,3,2,0,0,2026-11
2026-11-04,2026,4,11,4,3,0,0,2026-11
2026-11-05,2026,4,11,5,4,0,0,2026-11
2026-11-06,2026,4,11,6,5,0,0,2026-11
2026-11-07,2026,4,11,7,6,1,0,2026-11
2026-11-08,2026,4,11,8,7,1,0,2026-11
2026-11-09,2026,4,11,9,1,0,0,2026-11
2026-11-10,2026,4,11,10,2,0,0,2026-11
2026-11-11,2026,4,11,11,3,0,0,2026-11
2026-11-12,2026,4,11,12,4,0,0,2026-11
2026-11-13,2026,4,11,13,5,0,0,2026-11
2026-11-14,2026,4,11,14,6,1,0,2026-11
2026-11-15,2026,4,11,15,7,1,0,2026-11
2026-11-16,2026,4,11,16,1,0,0,2026-11
2026-11-17,2026,4,11,17,2,0,0,2026-11
2026-11-18,2026,4,11,18,3,0,0,2026-11
2026-11-19,2026,4,11,19,4,0,0,2026-11
2026-11-20,2026,4,11,20,5,0,0,2026-11
2026-11-21,2026,4,11,21,6,1,0,2026-11
2026-11-22,2026,4,11,22,7,1,0,2026-11
2026-11-23,2026,4,11,23,1,0,0,2026-11
2026-11-24,2026,4,11,24,2,0,0,2026-11
2026-11-25,2026,4,11,25,3,0,0,2026-11
2026-11-26,2026,4,11,26,4,0,0,2026-11
2026-11-27,2026,4,11,27,5,0,0,2026-11
2026-11-28,2026,4,11,28,6,1,0,2026-11
2026-11-29,2026,4,11,29,7,1,0,2026-11
2026-11-30,2026,4,11,30,1,0,0,2026-11
2026-12-01,2026,4,12,1,2,0,0,2026-12
2026-12-02,2026,4,12,2,3,0,0,2026-12
2026-12-03,2026,4,12,3,4,0,0,2026-12
2026-12-04,2026,4,12,4,5,0,0,2026-12
2026-12-05,2026,4,12,5,6,1,0,2026-12
2026-12-06,2026,4,12,6,7,1,0,2026-12
2026-12-07,2026,4,12,7,1,0,0,2026-12
2026-12-08,2026,4,12,8,2,0,0,2026-12
2026-12-09,2026,4,12,9,3,0,0,2026-12
2026-12-10,2026,4,12,10,4,0,0,2026-12
2026-12-11,2026,4,12,11,5,0,0,2026-12
2026-12-12,2026,4,12,12,6,1,0,2026-12
2026-12-13,2026,4,12,13,7,1,0,2026-12
2026-12-14,2026,4,12,14,1,0,0,2026-12
2026-12-15,2026,4,12,15,2,0,0,2026-12
2026-12-16,2026,4,12,16,3,0,0,2026-12
2026-12-17,2026,4,12,17,4,0,0,2026-12
2026-12-18,2026,4,12,18,5,0,0,2026-12
2026-12-19,2026,4,12,19,6,1,0,2026-12
2026-12-20,2026,4,12,20,7,1,0,2026-12
2026-12-21,2026,4,12,21,1,0,0,2026-12
2026-12-22,2026,4,12,22,2,0,0,2026-12
2026-12-23,2026,4,12,23,3,0,0,2026-12
2026-12-24,2026,4,12,24,4,0,0,2026-12
2026-12-25,2026,4,12,25,5,0,0,2026-12
2026-12-26,2026,4,12,26,6,1,0,2026-12
2026-12-27,2026,4,12,27,7,1,0,2026-12
2026-12-28,2026,4,12,28,1,0,0,2026-12
2026-12-29,2026,4,12,29,2,0,0,2026-12
2026-12-30,2026,4,12,30,3,0,0,2026-12
2026-12-31,2026,4,12,31,4,0,0,2026-12
2027-01-01,2027,1,1,1,5,0,0,2027-01
2027-01-02,2027,1,1,2,6,1,0,2027-01
2027-01-03,2027,1,1,3,7,1,0,2027-01
2027-01-04,2027,1,1,4,1,0,0,2027-01
2027-01-05,2027,1,1,5,2,0,0,2027-01
2027-01-06,2027,1,1,6,3,0,0,2027-01
2027-01-07,2027,1,1,7,4,0,0,2027-01
2027-01-08,2027,1,1,8,5,0,0,2027-01
2027-01-09,2027,1,1,9,6,1,0,2027-01
2027-01-10,2027,1,1,10,7,1,0,2027-01
2027-01-11,2027,1,1,11,1,0,0,2027-01
2027-01-12,2027,1,1,12,2,0,0,2027-01
2027-01-13,2027,1,1,13,3,0,0,2027-01
2027-01-14,2027,1,1,14,4,0,0,2027-01
2027-01-15,2027,1,1,15,5,0,0,2027-01
2027-01-16,2027,1,1,16,6,1,0,2027-01
2027-01-17,2027,1,1,17,7,1,0,2027-01
2027-01-18,2027,1,1,18,1,0,0,2027-01
2027-01-19,2027,1,1,19,2,0,0,2027-01
2027-01-20,2027,1,1,20,3,0,0,2027-01
2027-01-21,2027,1,1,21,4,0,0,2027-01
2027-01-22,2027,1,1,22,5,0,0,2027-01
2027-01-23,2027,1,1,23,6,1,0,2027-01
2027-01-24,2027,1,1,24,7,1,0,2027-01
2027-01-25,2027,1,1,25,1,0,0,2027-01
2027-01-26,2027,1,1,26,2,0,0,2027-01
2027-01-27,2027,1,1,27,3,0,0,2027-01
2027-01-28,2027,1,1,28,4,0,0,2027-01
2027-01-29,2027,1,1,29,5,0,0,2027-01
2027-01-30,2027,1,1,30,6,1,0,2027-01
2027-01-31,2027,1,1,31,7,1,0,2027-01
2027-02-01,2027,1,2,1,1,0,0,2027-02
2027-02-02,2027,1,2,2,2,0,0,2027-02
2027-02-03,2027,1,2,3,3,0,0,2027-02
2027-02-04,2027,1,2,4,4,0,0,2027-02
2027-02-05,2027,1,2,5,5,0,0,2027-02
2027-02-06,2027,1,2,6,6,1,0,2027-02
2027-02-07,2027,1,2,7,7,1,0,2027-02
2027-02-08,2027,1,2,8,1,0,0,2027-02
2027-02-09,2027,1,2,9,2,0,0,2027-02
2027-02-10,2027,1,2,10,3,0,0,2027-02
2027-02-11,2027,1,2,11,4,0,0,2027-02
2027-02-12,2027,1,2,12,5,0,0,2027-02
2027-02-13,2027,1,2,13,6,1,0,2027-02
2027-02-14,2027,1,2,14,7,1,0,2027-02
2027-02-15,2027,1,2,15,1,0,0,2027-02
2027-02-16,2027,1,2,16,2,0,0,2027-02
2027-02-17,2027,1,2,17,3,0,0,2027-02
2027-02-18,2027,1,2,18,4,0,0,2027-02
2027-02-19,2027,1,2,19,5,0,0,2027-02
2027-02-20,2027,1,2,20,6,1,0,2027-02
2027-02-21,2027,1,2,21,7,1,0,2027-02
2027-02-22,2027,1,2,22,1,0,0,2027-02
2027-02-23,2027,1,2,23,2,0,0,2027-02
2027-02-24,2027,1,2,24,3,0,0,2027-02
2027-02-25,2027,1,2,25,4,0,0,2027-02
2027-02-26,2027,1,2,26,5,0,0,2027-02
2027-02-27,2027,1,2,27,6,1,0,2027-02
2027-02-28,2027,1,2,28,7,1,0,2027-02
2027-03-01,2027,1,3,1,1,0,0,2027-03
2027-03-02,2027,1,3,2,2,0,0,2027-03
2027-03-03,2027,1,3,3,3,0,0,2027-03
2027-03-04,2027,1,3,4,4,0,0,2027-03
2027-03-05,2027,1,3,5,5,0,0,2027-03
2027-03-06,2027,1,3,6,6,1,0,2027-03
2027-03-07,2027,1,3,7,7,1,0,2027-03
2027-03-08,2027,1,3,8,1,0,0,2027-03
2027-03-09,2027,1,3,9,2,0,0,2027-03
2027-03-10,2027,1,3,10,3,0,0,2027-03
2027-03-11,2027,1,3,11,4,0,0,2027-03
2027-03-12,2027,1,3,12,5,0,0,2027-03
2027-03-13,2027,1,3,13,6,1,0,2027-03
2027-03-14,2027,1,3,14,7,1,0,2027-03
2027-03-15,2027,1,3,15,1,0,0,2027-03
2027-03-16,2027,1,3,16,2,0,0,2027-03
2027-03-17,2027,1,3,17,3,0,0,2027-03
2027-03-18,2027,1,3,18,4,0,0,2027-03
2027-03-19,2027,1,3,19,5,0,0,2027-03
2027-03-20,2027,1,3,20,6,1,0,2027-03
2027-03-21,2027,1,3,21,7,1,0,2027-03
2027-03-22,2027,1,3,22,1,0,0,2027-03
2027-03-23,2027,1,3,23,2,0,0,2027-03
2027-03-24,2027,1,3,24,3,0,0,2027-03
2027-03-25,2027,1,3,25,4,0,0,2027-03
2027-03-26,2027,1,3,26,5,0,0,2027-03
2027-03-27,2027,1,3,27,6,1,0,2027-03
2027-03-28,2027,1,3,28,7,1,0,2027-03
2027-03-29,2027,1,3,29,1,0,0,2027-03
2027-03-30,2027,1,3,30,2,0,0,2027-03
2027-03-31,2027,1,3,31,3,0,0,2027-03
2027-04-01,2027,2,4,1,4,0,0,2027-04
2027-04-02,2027,2,4,2,5,0,0,2027-04
2027-04-03,2027,2,4,3,6,1,0,2027-04
2027-04-04,2027,2,4,4,7,1,0,2027-04
2027-04-05,2027,2,4,5,1,0,0,2027-04
2027-04-06,2027,2,4,6,2,0,0,2027-04
2027-04-07,2027,2,4,7,3,0,0,2027-04
2027-04-08,2027,2,4,8,4,0,0,2027-04
2027-04-09,2027,2,4,9,5,0,0,2027-04
2027-04-10,2027,2,4,10,6,1,0,2027-04
2027-04-11,2027,2,4,11,7,1,0,2027-04
2027-04-12,2027,2,4,12,1,0,0,2027-04
2027-04-13,2027,2,4,13,2,0,0,2027-04
2027-04-14,2027,2,4,14,3,0,0,2027-04
2027-04-15,2027,2,4,15,4,0,0,2027-04
2027-04-16,2027,2,4,16,5,0,0,2027-04
2027-04-17,2027,2,4,17,6,1,0,2027-04
2027-04-18,2027,2,4,18,7,1,0,2027-04
2027-04-19,2027,2,4,19,1,0,0,2027-04
2027-04-20,2027,2,4,20,2,0,0,2027-04
2027-04-21,2027,2,4,21,3,0,0,2027-04
2027-04-22,2027,2,4,22,4,0,0,2027-04
2027-04-23,2027,2,4,23,5,0,0,2027-04
2027-04-24,2027,2,4,24,6,1,0,2027-04
2027-04-25,2027,2,4,25,7,1,0,2027-04
2027-04-26,2027,2,4,26,1,0,0,2027-04
2027-04-27,2027,2,4,27,2,0,0,2027-04
2027-04-28,2027,2,4,28,3,0,0,2027-04
2027-04-29,2027,2,4,29,4,0,0,2027-04
2027-04-30,2027,2,4,30,5,0,0,2027-04
2027-05-01,2027,2,5,1,6,1,0,2027-05
2027-05-02,2027,2,5,2,7,1,0,2027-05
2027-05-03,2027,2,5,3,1,0,0,2027-05
2027-05-04,2027,2,5,4,2,0,0,2027-05
2027-05-05,2027,2,5,5,3,0,0,2027-05
2027-05-06,2027,2,5,6,4,0,0,2027-05
2027-05-07,2027,2,5,7,5,0,0,2027-05
2027-05-08,2027,2,5,8,6,1,0,2027-05
2027-05-09,2027,2,5,9,7,1,0,2027-05
2027-05-10,2027,2,5,10,1,0,0,2027-05
2027-05-11,2027,2,5,11,2,0,0,2027-05
2027-05-12,2027,2,5,12,3,0,0,2027-05
2027-05-13,2027,2,5,13,4,0,0,2027-05
2027-05-14,2027,2,5,14,5,0,0,2027-05
2027-05-15,2027,2,5,15,6,1,0,2027-05
2027-05-16,2027,2,5,16,7,1,0,2027-05
2027-05-17,2027,2,5,17,1,0,0,2027-05
2027-05-18,2027,2,5,18,2,0,0,2027-05
2027-05-19,2027,2,5,19,3,0,0,2027-05
2027-05-20,2027,2,5,20,4,0,0,2027-05
2027-05-21,2027,2,5,21,5,0,0,2027-05
2027-05-22,2027,2,5,22,6,1,0,2027-05
2027-05-23,2027,2,5,23,7,1,0,2027-05
2027-05-24,2027,2,5,24,1,0,0,2027-05
2027-05-25,2027,2,5,25,2,0,0,2027-05
2027-05-26,2027,2,5,26,3,0,0,2027-05
2027-05-27,2027,2,5,27,4,0,0,2027-05
2027-05-28,2027,2,5,28,5,0,0,2027-05
2027-05-29,2027,2,5,29,6,1,0,2027-05
2027-05-30,2027,2,5,30,7,1,0,2027-05
2027-05-31,2027,2,5,31,1,0,0,2027-05
2027-06-01,2027,2,6,1,2,0,0,2027-06
2027-06-02,2027,2,6,2,3,0,0,2027-06
2027-06-03,2027,2,6,3,4,0,0,2027-06
2027-06-04,2027,2,6,4,5,0,0,2027-06
2027-06-05,2027,2,6,5,6,1,0,2027-06
2027-06-06,2027,2,6,6,7,1,0,2027-06
2027-06-07,2027,2,6,7,1,0,0,2027-06
2027-06-08,2027,2,6,8,2,0,0,2027-06
2027-06-09,2027,2,6,9,3,0,0,2027-06
2027-06-10,2027,2,6,10,4,0,0,2027-06
2027-06-11,2027,2,6,11,5,0,0,2027-06
2027-06-12,2027,2,6,12,6,1,0,2027-06
2027-06-13,2027,2,6,13,7,1,0,2027-06
2027-06-14,2027,2,6,14,1,0,0,2027-06
2027-06-15,2027,2,6,15,2,0,0,2027-06
2027-06-16,2027,2,6,16,3,0,0,2027-06
2027-06-17,2027,2,6,17,4,0,0,2027-06
2027-06-18,2027,2,6,18,5,0,0,2027-06
2027-06-19,2027,2,6,19,6,1,0,2027-06
2027-06-20,2027,2,6,20,7,1,0,2027-06
2027-06-21,2027,2,6,21,1,0,0,2027-06
2027-06-22,2027,2,6,22,2,0,0,2027-06
2027-06-23,2027,2,6,23,3,0,0,2027-06
2027-06-24,2027,2,6,24,4,0,0,2027-06
2027-06-25,2027,2,6,25,5,0,0,2027-06
2027-06-26,2027,2,6,26,6,1,0,2027-06
2027-06-27,2027,2,6,27,7,1,0,2027-06
2027-06-28,2027,2,6,28,1,0,0,2027-06
2027-06-29,2027,2,6,29,2,0,0,2027-06
2027-06-30,2027,2,6,30,3,0,0,2027-06
2027-07-01,2027,3,7,1,4,0,0,2027-07
2027-07-02,2027,3,7,2,5,0,0,2027-07
2027-07-03,2027,3,7,3,6,1,0,2027-07
2027-07-04,2027,3,7,4,7,1,0,2027-07
2027-07-05,2027,3,7,5,1,0,0,2027-07
2027-07-06,2027,3,7,6,2,0,0,2027-07
2027-07-07,2027,3,7,7,3,0,0,2027-07
2027-07-08,2027,3,7,8,4,0,0,2027-07
2027-07-09,2027,3,7,9,5,0,0,2027-07
2027-07-10,2027,3,7,10,6,1,0,2027-07
2027-07-11,2027,3,7,11,7,1,0,2027-07
2027-07-12,2027,3,7,12,1,0,0,2027-07
2027-07-13,2027,3,7,13,2,0,0,2027-07
2027-07-14,2027,3,7,14,3,0,0,2027-07
2027-07-15,2027,3,7,15,4,0,0,2027-07
2027-07-16,2027,3,7,16,5,0,0,2027-07
2027-07-17,2027,3,7,17,6,1,0,2027-07
2027-07-18,2027,3,7,18,7,1,0,2027-07
2027-07-19,2027,3,7,19,1,0,0,2027-07
2027-07-20,2027,3,7,20,2,0,0,2027-07
2027-07-21,2027,3,7,21,3,0,0,2027-07
2027-07-22,2027,3,7,22,4,0,0,2027-07
2027-07-23,2027,3,7,23,5,0,0,2027-07
2027-07-24,2027,3,7,24,6,1,0,2027-07
2027-07-25,2027,3,7,25,7,1,0,2027-07
2027-07-26,2027,3,7,26,1,0,0,2027-07
2027-07-27,2027,3,7,27,2,0,0,2027-07
2027-07-28,2027,3,7,28,3,0,0,2027-07
2027-07-29,2027,3,7,29,4,0,0,2027-07
2027-07-30,2027,3,7,30,5,0,0,2027-07
2027-07-31,2027,3,7,31,6,1,0,2027-07
2027-08-01,2027,3,8,1,7,1,0,2027-08
2027-08-02,2027,3,8,2,1,0,0,2027-08
2027-08-03,2027,3,8,3,2,0,0,2027-08
2027-08-04,2027,3,8,4,3,0,0,2027-08
2027-08-05,2027,3,8,5,4,0,0,2027-08
2027-08-06,2027,3,8,6,5,0,0,2027-08
2027-08-07,2027,3,8,7,6,1,0,2027-08
2027-08-08,2027,3,8,8,7,1,0,2027-08
2027-08-09,2027,3,8,9,1,0,0,2027-08
2027-08-10,2027,3,8,10,2,0,0,2027-08
2027-08-11,2027,3,8,11,3,0,0,2027-08
2027-08-12,2027,3,8,12,4,0,0,2027-08
2027-08-13,2027,3,8,13,5,0,0,2027-08
2027-08-14,2027,3,8,14,6,1,0,2027-08
2027-08-15,2027,3,8,15,7,1,0,2027-08
2027-08-16,2027,3,8,16,1,0,0,2027-08
2027-08-17,2027,3,8,17,2,0,0,2027-08
2027-08-18,2027,3,8,18,3,0,0,2027-08
2027-08-19,2027,3,8,19,4,0,0,2027-08
2027-08-20,2027,3,8,20,5,0,0,2027-08
2027-08-21,2027,3,8,21,6,1,0,2027-08
2027-08-22,2027,3,8,22,7,1,0,2027-08
2027-08-23,2027,3,8,23,1,0,0,2027-08
2027-08-24,2027,3,8,24,2,0,0,2027-08
2027-08-25,2027,3,8,25,3,0,0,2027-08
2027-08-26,2027,3,8,26,4,0,0,2027-08
2027-08-27,2027,3,8,27,5,0,0,2027-08
2027-08-28,2027,3,8,28,6,1,0,2027-08
2027-08-29,2027,3,8,29,7,1,0,2027-08
2027-08-30,2027,3,8,30,1,0,0,2027-08
2027-08-31,2027,3,8,31,2,0,0,2027-08
2027-09-01,2027,3,9,1,3,0,0,2027-09
2027-09-02,2027,3,9,2,4,0,0,2027-09
2027-09-03,2027,3,9,3,5,0,0,2027-09
2027-09-04,2027,3,9,4,6,1,0,2027-09
2027-09-05,2027,3,9,5,7,1,0,2027-09
2027-09-06,2027,3,9,6,1,0,0,2027-09
2027-09-07,2027,3,9,7,2,0,0,2027-09
2027-09-08,2027,3,9,8,3,0,0,2027-09
2027-09-09,2027,3,9,9,4,0,0,2027-09
2027-09-10,2027,3,9,10,5,0,0,2027-09
2027-09-11,2027,3,9,11,6,1,0,2027-09
2027-09-12,2027,3,9,12,7,1,0,2027-09
2027-09-13,2027,3,9,13,1,0,0,2027-09
2027-09-14,2027,3,9,14,2,0,0,2027-09
2027-09-15,2027,3,9,15,3,0,0,2027-09
2027-09-16,2027,3,9,16,4,0,0,2027-09
2027-09-17,2027,3,9,17,5,0,0,2027-09
2027-09-18,2027,3,9,18,6,1,0,2027-09
2027-09-19,2027,3,9,19,7,1,0,2027-09
2027-09-20,2027,3,9,20,1,0,0,2027-09
2027-09-21,2027,3,9,21,2,0,0,2027-09
2027-09-22,2027,3,9,22,3,0,0,2027-09
2027-09-23,2027,3,9,23,4,0,0,2027-09
2027-09-24,2027,3,9,24,5,0,0,2027-09
2027-09-25,2027,3,9,25,6,1,0,2027-09
2027-09-26,2027,3,9,26,7,1,0,2027-09
2027-09-27,2027,3,9,27,1,0,0,2027-09
2027-09-28,2027,3,9,28,2,0,0,2027-09
2027-09-29,2027,3,9,29,3,0,0,2027-09
2027-09-30,2027,3,9,30,4,0,0,2027-09
2027-10-01,2027,4,10,1,5,0,0,2027-10
2027-10-02,2027,4,10,2,6,1,0,2027-10
2027-10-03,2027,4,10,3,7,1,0,2027-10
2027-10-04,2027,4,10,4,1,0,0,2027-10
2027-10-05,2027,4,10,5,2,0,0,2027-10
2027-10-06,2027,4,10,6,3,0,0,2027-10
2027-10-07,2027,4,10,7,4,0,0,2027-10
2027-10-08,2027,4,10,8,5,0,0,2027-10
2027-10-09,2027,4,10,9,6,1,0,2027-10
2027-10-10,2027,4,10,10,7,1,0,2027-10
2027-10-11,2027,4,10,11,1,0,0,2027-10
2027-10-12,2027,4,10,12,2,0,0,2027-10
2027-10-13,2027,4,10,13,3,0,0,2027-10
2027-10-14,2027,4,10,14,4,0,0,2027-10
2027-10-15,2027,4,10,15,5,0,0,2027-10
2027-10-16,2027,4,10,16,6,1,0,2027-10
2027-10-17,2027,4,10,17,7,1,0,2027-10
2027-10-18,2027,4,10,18,1,0,0,2027-10
2027-10-19,2027,4,10,19,2,0,0,2027-10
2027-10-20,2027,4,10,20,3,0,0,2027-10
2027-10-21,2027,4,10,21,4,0,0,2027-10
2027-10-22,2027,4,10,22,5,0,0,2027-10
2027-10-23,2027,4,10,23,6,1,0,2027-10
2027-10-24,2027,4,10,24,7,1,0,2027-10
2027-10-25,2027,4,10,25,1,0,0,2027-10
2027-10-26,2027,4,10,26,2,0,0,2027-10
2027-10-27,2027,4,10,27,3,0,0,2027-10
2027-10-28,2027,4,10,28,4,0,0,2027-10
2027-10-29,2027,4,10,29,5,0,0,2027-10
2027-10-30,2027,4,10,30,6,1,0,2027-10
2027-10-31,2027,4,10,31,7,1,0,2027-10
2027-11-01,2027,4,11,1,1,0,0,2027-11
2027-11-02,2027,4,11,2,2,0,0,2027-11
2027-11-03,2027,4,11,3,3,0,0,2027-11
2027-11-04,2027,4,11,4,4,0,0,2027-11
2027-11-05,2027,4,11,5,5,0,0,2027-11
2027-11-06,2027,4,11,6,6,1,0,2027-11
2027-11-07,2027,4,11,7,7,1,0,2027-11
2027-11-08,2027,4,11,8,1,0,0,2027-11
2027-11-09,2027,4,11,9,2,0,0,2027-11
2027-11-10,2027,4,11,10,3,0,0,2027-11
2027-11-11,2027,4,11,11,4,0,0,2027-11
2027-11-12,2027,4,11,12,5,0,0,2027-11
2027-11-13,2027,4,11,13,6,1,0,2027-11
2027-11-14,2027,4,11,14,7,1,0,2027-11
2027-11-15,2027,4,11,15,1,0,0,2027-11
2027-11-16,2027,4,11,16,2,0,0,2027-11
2027-11-17,2027,4,11,17,3,0,0,2027-11
2027-11-18,2027,4,11,18,4,0,0,2027-11
2027-11-19,2027,4,11,19,5,0,0,2027-11
2027-11-20,2027,4,11,20,6,1,0,2027-11
2027-11-21,2027,4,11,21,7,1,0,2027-11
2027-11-22,2027,4,11,22,1,0,0,2027-11
2027-11-23,2027,4,11,23,2,0,0,2027-11
2027-11-24,2027,4,11,24,3,0,0,2027-11
2027-11-25,2027,4,11,25,4,0,0,2027-11
2027-11-26,2027,4,11,26,5,0,0,2027-11
2027-11-27,2027,4,11,27,6,1,0,2027-11
2027-11-28,2027,4,11,28,7,1,0,2027-11
2027-11-29,2027,4,11,29,1,0,0,2027-11
2027-11-30,2027,4,11,30,2,0,0,2027-11
2027-12-01,2027,4,12,1,3,0,0,2027-12
2027-12-02,2027,4,12,2,4,0,0,2027-12
2027-12-03,2027,4,12,3,5,0,0,2027-12
2027-12-04,2027,4,12,4,6,1,0,2027-12
2027-12-05,2027,4,12,5,7,1,0,2027-12
2027-12-06,2027,4,12,6,1,0,0,2027-12
2027-12-07,2027,4,12,7,2,0,0,2027-12
2027-12-08,2027,4,12,8,3,0,0,2027-12
2027-12-09,2027,4,12,9,4,0,0,2027-12
2027-12-10,2027,4,12,10,5,0,0,2027-12
2027-12-11,2027,4,12,11,6,1,0,2027-12
2027-12-12,2027,4,12,12,7,1,0,2027-12
2027-12-13,2027,4,12,13,1,0,0,2027-12
2027-12-14,2027,4,12,14,2,0,0,2027-12
2027-12-15,2027,4,12,15,3,0,0,2027-12
2027-12-16,2027,4,12,16,4,0,0,2027-12
2027-12-17,2027,4,12,17,5,0,0,2027-12
2027-12-18,2027,4,12,18,6,1,0,2027-12
2027-12-19,2027,4,12,19,7,1,0,2027-12
2027-12-20,2027,4,12,20,1,0,0,2027-12
2027-12-21,2027,4,12,21,2,0,0,2027-12
2027-12-22,2027,4,12,22,3,0,0,2027-12
2027-12-23,2027,4,12,23,4,0,0,2027-12
2027-12-24,2027,4,12,24,5,0,0,2027-12
2027-12-25,2027,4,12,25,6,1,0,2027-12
2027-12-26,2027,4,12,26,7,1,0,2027-12
2027-12-27,2027,4,12,27,1,0,0,2027-12
2027-12-28,2027,4,12,28,2,0,0,2027-12
2027-12-29,2027,4,12,29,3,0,0,2027-12
2027-12-30,2027,4,12,30,4,0,0,2027-12
2027-12-31,2027,4,12,31,5,0,0,2027-12
